rk,squad,mp_stand,w,d,l,gf,ga,gd,pts,pts_mp,xg_stand,xga,xgd,xgd_90,attendance,top_team_scorer,goalkeeper,notes,season,pl,age,poss,mp_team,starts,min,90s,gls,ast,g_plus_a,g_pk,pk,pkatt,crdy,crdr,xg_team,npxg,xag,npxg_xag,prgc,prgp,gls_per90,ast_per90,g_plus_a_per90,g_pk_per90,g_plus_a_pk_per90,xg_per90,xag_per90,xg_xag_per90,npxg_per90,npxg_xag_per90
1,Liverpool,38,32,3,3,85,33,52,99,2.61,68.9,37.7,31.2,0.82,41955,Mohamed Salah - 19,Alisson,→ Champions League via league finish,epl_2019-2020,24,26.6,62.9,38,418,3420,38.0,83,69,152,78,5,5,38,1,68.9,65.0,53.0,118.0,967,1941,2.18,1.82,4.0,2.05,3.87,1.81,1.39,3.21,1.71,3.1
2,Manchester City,38,26,3,9,102,35,67,81,2.13,92.0,36.2,55.7,1.47,37097,Raheem Sterling - 20,Ederson,→ Champions League via league finish,epl_2019-2020,24,26.9,66.2,38,418,3420,38.0,100,69,169,94,6,11,64,4,92.0,83.6,68.4,152.0,1199,2460,2.63,1.82,4.45,2.47,4.29,2.42,1.8,4.22,2.2,4.0
3,Manchester Utd,38,18,12,8,66,36,30,66,1.74,62.2,37.7,24.5,0.64,57415,"Anthony Martial, Marcus Rashford - 17",David de Gea,→ Champions League via league finish,epl_2019-2020,29,24.8,55.8,38,418,3420,38.0,65,43,108,55,10,14,73,0,62.2,51.2,38.5,89.7,926,1788,1.71,1.13,2.84,1.45,2.58,1.64,1.01,2.65,1.35,2.36
4,Chelsea,38,20,6,12,69,54,15,66,1.74,69.2,38.6,30.6,0.81,32023,Tammy Abraham - 15,Kepa Arrizabalaga,→ Champions League via league finish,epl_2019-2020,27,25.5,60.4,38,418,3420,38.0,69,46,115,62,7,7,60,0,69.2,64.4,46.7,111.1,983,1897,1.82,1.21,3.03,1.63,2.84,1.82,1.23,3.05,1.7,2.92
5,Leicester City,38,18,8,12,67,41,26,62,1.63,62.2,45.5,16.7,0.44,25312,Jamie Vardy - 23,Kasper Schmeichel,→ Europa League via league finish,epl_2019-2020,24,26.1,57.1,38,418,3420,38.0,65,48,113,60,5,7,43,3,62.2,56.7,44.9,101.6,739,1612,1.71,1.26,2.97,1.58,2.84,1.64,1.18,2.82,1.49,2.67
6,Tottenham,38,16,11,11,61,47,14,59,1.55,47.9,54.2,-6.3,-0.17,43757,Harry Kane - 18,Hugo Lloris,→ Europa League via league finish 1,epl_2019-2020,29,26.7,52.0,38,418,3420,38.0,56,39,95,53,3,4,84,3,47.9,44.7,32.6,77.3,768,1410,1.47,1.03,2.5,1.39,2.42,1.26,0.86,2.12,1.18,2.03
7,Wolves,38,15,14,9,51,40,11,59,1.55,54.1,38.0,16.1,0.42,24758,Raúl Jiménez - 17,Rui Patrício,,epl_2019-2020,21,26.6,48.3,38,418,3420,38.0,49,34,83,45,4,4,61,2,54.1,51.0,37.5,88.5,858,1338,1.29,0.89,2.18,1.18,2.08,1.42,0.99,2.41,1.34,2.33
8,Arsenal,38,14,14,10,56,48,8,56,1.47,47.0,55.3,-8.3,-0.22,47589,Pierre-Emerick Aubameyang - 22,Bernd Leno,→ Europa League via cup win 2,epl_2019-2020,29,25.8,53.8,38,418,3420,38.0,56,35,91,53,3,3,88,5,47.0,44.6,31.4,76.1,815,1641,1.47,0.92,2.39,1.39,2.32,1.24,0.83,2.06,1.17,2.0
9,Sheffield Utd,38,14,12,12,39,39,0,54,1.42,43.0,51.0,-7.9,-0.21,24370,"Lys Mousset, Oliver McBurnie - 6",Dean Henderson,,epl_2019-2020,26,26.9,43.1,38,418,3420,38.0,36,25,61,35,1,1,63,2,43.0,42.2,34.0,76.3,493,1352,0.95,0.66,1.61,0.92,1.58,1.13,0.9,2.03,1.11,2.01
10,Burnley,38,15,9,14,43,50,-7,54,1.42,47.4,49.8,-2.4,-0.06,15995,Chris Wood - 14,Nick Pope,,epl_2019-2020,22,28.0,41.9,38,418,3420,38.0,41,30,71,38,3,3,67,0,47.4,45.3,32.4,77.7,437,890,1.08,0.79,1.87,1.0,1.79,1.25,0.85,2.1,1.19,2.04
11,Southampton,38,15,7,16,51,60,-9,52,1.37,56.1,52.8,3.3,0.09,23428,Danny Ings - 22,Alex McCarthy,,epl_2019-2020,25,25.9,48.9,38,418,3420,38.0,51,32,83,49,2,5,55,4,56.1,52.1,36.4,88.5,628,1335,1.34,0.84,2.18,1.29,2.13,1.48,0.96,2.43,1.37,2.33
12,Everton,38,13,10,15,44,56,-12,49,1.29,50.8,48.3,2.5,0.07,28848,"Dominic Calvert-Lewin, Richarlison - 13",Jordan Pickford,,epl_2019-2020,24,25.5,49.0,38,418,3420,38.0,42,32,74,41,1,1,76,3,50.8,50.0,38.1,88.1,623,1430,1.11,0.84,1.95,1.08,1.92,1.34,1.0,2.34,1.32,2.32
13,Newcastle Utd,38,11,11,16,38,58,-20,44,1.16,35.5,65.6,-30.1,-0.79,35551,Jonjo Shelvey - 6,Martin Dúbravka,,epl_2019-2020,28,26.5,39.0,38,418,3420,38.0,38,29,67,38,0,1,66,3,35.5,34.8,26.9,61.7,537,844,1.0,0.76,1.76,1.0,1.76,0.94,0.71,1.64,0.91,1.62
14,Crystal Palace,38,11,10,17,31,50,-19,43,1.13,35.8,57.0,-21.2,-0.56,19784,Jordan Ayew - 9,Vicente Guaita,,epl_2019-2020,25,29.4,44.8,38,418,3420,38.0,29,20,49,26,3,3,62,2,35.8,33.6,26.0,59.5,596,1223,0.76,0.53,1.29,0.68,1.21,0.94,0.68,1.63,0.88,1.57
15,Brighton,38,9,14,15,39,54,-15,41,1.08,45.4,55.0,-9.5,-0.25,22369,Neal Maupay - 10,Mathew Ryan,,epl_2019-2020,25,26.4,52.2,38,418,3420,38.0,35,24,59,34,1,2,59,2,45.4,43.8,31.6,75.4,669,1675,0.92,0.63,1.55,0.89,1.53,1.2,0.83,2.03,1.15,1.99
16,West Ham,38,10,9,19,49,62,-13,39,1.03,48.6,63.8,-15.2,-0.4,44155,Michail Antonio - 10,Łukasz Fabiański,,epl_2019-2020,29,27.4,44.1,38,418,3420,38.0,49,36,85,45,4,4,64,1,48.6,45.4,36.7,82.2,667,1377,1.29,0.95,2.24,1.18,2.13,1.28,0.97,2.24,1.2,2.16
17,Aston Villa,38,9,8,21,41,67,-26,35,0.92,44.3,67.8,-23.5,-0.62,28505,Jack Grealish - 8,Tom Heaton,,epl_2019-2020,28,25.7,44.1,38,418,3420,38.0,40,32,72,39,1,3,70,1,44.3,41.8,34.2,76.0,639,1247,1.05,0.84,1.89,1.03,1.87,1.16,0.9,2.06,1.1,2.0
18,Bournemouth,38,9,7,22,40,65,-25,34,0.89,44.8,62.3,-17.5,-0.46,7745,Callum Wilson - 8,Aaron Ramsdale,Relegated,epl_2019-2020,27,25.2,44.1,38,418,3420,38.0,38,24,62,34,4,4,78,3,44.8,41.7,30.6,72.3,601,1256,1.0,0.63,1.63,0.89,1.53,1.18,0.8,1.98,1.1,1.9
19,Watford,38,8,10,20,36,64,-28,34,0.89,48.9,58.1,-9.3,-0.24,15353,Troy Deeney - 10,Ben Foster,Relegated,epl_2019-2020,26,28.9,42.9,38,418,3420,38.0,35,21,56,28,7,8,80,3,48.9,42.6,31.4,74.0,578,1168,0.92,0.55,1.47,0.74,1.29,1.29,0.83,2.11,1.12,1.95
20,Norwich City,38,5,6,27,26,75,-49,21,0.55,37.0,66.5,-29.5,-0.78,19913,Teemu Pukki - 11,Tim Krul,Relegated,epl_2019-2020,30,26.0,49.3,38,418,3420,38.0,25,18,43,23,2,2,68,3,37.0,35.4,27.4,62.8,673,1169,0.66,0.47,1.13,0.61,1.08,0.97,0.72,1.69,0.93,1.65
1,Manchester City,38,27,5,6,83,32,51,86,2.26,68.2,30.2,38.0,1.0,526,İlkay Gündoğan - 13,Ederson,→ Champions League via league finish,epl_2020-2021,24,26.1,63.5,38,418,3420,38.0,82,55,137,77,5,9,46,2,68.2,61.2,45.4,106.6,1096,2051,2.16,1.45,3.61,2.03,3.47,1.8,1.19,2.99,1.61,2.81
2,Manchester Utd,38,21,11,6,73,44,29,74,1.95,60.1,41.4,18.6,0.49,526,Bruno Fernandes - 18,David de Gea,→ Champions League via league finish,epl_2020-2021,29,25.6,55.7,38,418,3420,38.0,70,51,121,60,10,11,64,1,60.1,51.4,41.6,93.1,877,1832,1.84,1.34,3.18,1.58,2.92,1.58,1.1,2.68,1.35,2.45
3,Liverpool,38,20,9,9,68,42,26,69,1.82,67.5,43.0,24.5,0.65,837,Mohamed Salah - 22,Alisson,→ Champions League via league finish,epl_2020-2021,28,26.8,62.1,38,418,3420,38.0,65,43,108,59,6,6,40,0,67.5,62.9,48.3,111.1,886,2057,1.71,1.13,2.84,1.55,2.68,1.78,1.27,3.05,1.65,2.92
4,Chelsea,38,19,10,9,58,36,22,67,1.76,62.4,30.3,32.1,0.85,526,Jorginho - 7,Edouard Mendy,→ Champions League via league finish,epl_2020-2021,27,26.0,60.9,38,418,3420,38.0,56,38,94,48,8,10,51,3,62.4,54.5,41.5,96.0,895,1798,1.47,1.0,2.47,1.26,2.26,1.64,1.09,2.73,1.43,2.53
5,Leicester City,38,20,6,12,68,50,18,66,1.74,55.8,46.0,9.8,0.26,421,Jamie Vardy - 15,Kasper Schmeichel,→ Europa League via cup win,epl_2020-2021,27,26.5,54.3,38,418,3420,38.0,64,45,109,54,10,12,61,0,55.8,46.3,33.7,80.1,666,1464,1.68,1.18,2.87,1.42,2.61,1.47,0.89,2.36,1.22,2.11
6,West Ham,38,19,8,11,62,47,15,65,1.71,55.4,48.7,6.7,0.18,632,"Michail Antonio, Tomáš Souček - 10",Łukasz Fabiański,→ Europa League via league finish,epl_2020-2021,24,27.8,43.2,38,418,3420,38.0,60,46,106,58,2,4,50,3,55.4,52.1,39.6,91.7,659,1282,1.58,1.21,2.79,1.53,2.74,1.46,1.04,2.5,1.37,2.41
7,Tottenham,38,18,8,12,68,45,23,62,1.63,53.1,49.1,4.0,0.1,632,Harry Kane - 23,Hugo Lloris,→ Europa Conference League via league finish 1,epl_2020-2021,24,27.2,51.6,38,418,3420,38.0,66,50,116,61,5,5,57,2,53.1,49.2,35.3,84.4,633,1330,1.74,1.32,3.05,1.61,2.92,1.4,0.93,2.33,1.29,2.22
8,Arsenal,38,18,7,13,55,39,16,61,1.61,51.7,43.0,8.8,0.23,632,Alexandre Lacazette - 13,Bernd Leno,,epl_2020-2021,29,25.9,53.5,38,418,3420,38.0,53,38,91,47,6,6,49,5,51.7,47.0,35.1,82.1,758,1760,1.39,1.0,2.39,1.24,2.24,1.36,0.92,2.29,1.24,2.16
9,Leeds United,38,18,5,15,62,54,8,59,1.55,55.6,57.9,-2.2,-0.06,421,Patrick Bamford - 17,Illan Meslier,,epl_2020-2021,23,26.1,57.3,38,418,3420,38.0,60,45,105,56,4,4,61,1,55.6,52.5,41.9,94.3,811,1633,1.58,1.18,2.76,1.47,2.66,1.46,1.1,2.57,1.38,2.48
10,Everton,38,17,8,13,47,48,-1,59,1.55,45.7,50.1,-4.5,-0.12,368,Dominic Calvert-Lewin - 16,Jordan Pickford,,epl_2020-2021,29,26.3,46.4,38,418,3420,38.0,45,32,77,41,4,5,59,2,45.7,41.9,30.7,72.6,604,1184,1.18,0.84,2.03,1.08,1.92,1.2,0.81,2.01,1.1,1.91
11,Aston Villa,38,16,7,15,55,46,9,55,1.45,52.5,51.1,1.5,0.04,526,Ollie Watkins - 14,Emiliano Martínez,,epl_2020-2021,24,25.2,48.5,38,418,3420,38.0,52,38,90,47,5,6,71,4,52.5,47.9,37.4,85.3,629,1420,1.37,1.0,2.37,1.24,2.24,1.38,0.98,2.37,1.26,2.25
12,Newcastle Utd,38,12,9,17,46,62,-16,45,1.18,43.4,58.3,-14.9,-0.39,526,Callum Wilson - 12,Karl Darlow,,epl_2020-2021,27,27.1,38.8,38,418,3420,38.0,44,26,70,38,6,7,65,3,43.4,37.8,29.0,66.8,467,903,1.16,0.68,1.84,1.0,1.68,1.14,0.76,1.91,1.0,1.76
13,Wolves,38,12,9,17,36,52,-16,45,1.18,36.5,49.5,-13.0,-0.34,237,"Rúben Neves, Pedro Neto - 5",Rui Patrício,,epl_2020-2021,27,26.3,49.3,38,418,3420,38.0,34,21,55,30,4,4,55,1,36.5,33.4,24.1,57.6,800,1283,0.89,0.55,1.45,0.79,1.34,0.96,0.63,1.6,0.88,1.51
14,Crystal Palace,38,12,8,18,41,66,-25,44,1.16,34.1,58.2,-24.2,-0.64,447,Wilfried Zaha - 11,Vicente Guaita,,epl_2020-2021,24,29.1,40.6,38,418,3420,38.0,39,29,68,36,3,4,56,2,34.1,31.0,23.6,54.6,526,1132,1.03,0.76,1.79,0.95,1.71,0.9,0.62,1.52,0.82,1.44
15,Southampton,38,12,7,19,47,68,-21,43,1.13,41.2,53.1,-11.8,-0.31,526,Danny Ings - 12,Alex McCarthy,,epl_2020-2021,29,26.6,52.0,38,418,3420,38.0,47,33,80,42,5,6,52,3,41.2,36.6,25.8,62.5,626,1195,1.24,0.87,2.11,1.11,1.97,1.09,0.68,1.77,0.96,1.64
16,Brighton,38,9,14,15,40,46,-6,41,1.08,50.9,35.3,15.6,0.41,523,Neal Maupay - 8,Robert Sánchez,,epl_2020-2021,27,25.8,51.1,38,418,3420,38.0,39,24,63,33,6,9,49,6,50.9,43.8,33.2,77.0,685,1516,1.03,0.63,1.66,0.87,1.5,1.34,0.87,2.21,1.15,2.03
17,Burnley,38,10,9,19,33,55,-22,39,1.03,39.3,54.7,-15.4,-0.4,178,Chris Wood - 12,Nick Pope,,epl_2020-2021,25,28.3,42.1,38,418,3420,38.0,32,20,52,29,3,3,48,0,39.3,36.9,27.7,64.6,389,1012,0.84,0.53,1.37,0.76,1.29,1.03,0.73,1.76,0.97,1.7
18,Fulham,38,5,13,20,27,53,-26,28,0.74,40.5,52.6,-12.1,-0.32,211,Bobby De Cordova-Reid - 5,Alphonse Areola,Relegated,epl_2020-2021,28,25.2,49.7,38,418,3420,38.0,26,18,44,23,3,6,67,3,40.5,35.9,26.3,62.2,727,1354,0.68,0.47,1.16,0.61,1.08,1.07,0.69,1.76,0.95,1.64
19,West Brom,38,5,11,22,35,76,-41,26,0.68,35.8,67.9,-32.0,-0.84,283,Matheus Pereira - 11,Sam Johnstone,Relegated,epl_2020-2021,30,26.4,37.9,38,418,3420,38.0,33,20,53,29,4,4,51,4,35.8,32.7,24.4,57.1,441,1027,0.87,0.53,1.39,0.76,1.29,0.94,0.64,1.59,0.86,1.5
20,Sheffield Utd,38,7,2,29,20,63,-43,23,0.61,32.6,62.2,-29.6,-0.78,263,David McGoldrick - 8,Aaron Ramsdale,Relegated,epl_2020-2021,27,26.7,41.7,38,418,3420,38.0,19,13,32,16,3,4,73,3,32.6,29.5,24.9,54.4,491,1196,0.5,0.34,0.84,0.42,0.76,0.86,0.66,1.52,0.78,1.43
1,Manchester City,38,29,6,3,99,26,73,93,2.45,88.7,24.6,64.0,1.68,52774,Kevin De Bruyne - 15,Ederson,→ Champions League via league finish,epl_2021-2022,26,27.0,67.9,38,418,3420,38.0,96,63,159,89,7,9,42,1,88.7,81.4,65.5,146.9,1145,2421,2.53,1.66,4.18,2.34,4.0,2.33,1.72,4.06,2.14,3.87
2,Liverpool,38,28,8,2,94,26,68,92,2.42,88.7,33.8,54.9,1.45,53352,Mohamed Salah - 23,Alisson,→ Champions League via league finish,epl_2021-2022,27,27.7,62.7,38,418,3420,38.0,94,71,165,87,7,8,50,1,88.7,82.7,63.5,146.2,885,2243,2.47,1.87,4.34,2.29,4.16,2.33,1.67,4.0,2.18,3.85
3,Chelsea,38,21,11,6,76,33,43,74,1.95,63.4,33.2,30.1,0.79,36443,Mason Mount - 11,Edouard Mendy,→ Champions League via league finish,epl_2021-2022,26,27.4,61.8,38,418,3420,38.0,75,52,127,67,8,9,63,1,63.4,56.6,44.9,101.5,894,1967,1.97,1.37,3.34,1.76,3.13,1.67,1.18,2.85,1.49,2.67
4,Tottenham,38,22,5,11,69,40,29,71,1.87,61.2,39.3,21.9,0.58,56523,Son Heung-min - 23,Hugo Lloris,→ Champions League via league finish,epl_2021-2022,25,26.5,51.8,38,418,3420,38.0,63,50,113,58,5,5,69,1,61.2,57.3,47.0,104.4,791,1459,1.66,1.32,2.97,1.53,2.84,1.61,1.24,2.85,1.51,2.75
5,Arsenal,38,22,3,13,61,48,13,69,1.82,60.5,45.7,14.9,0.39,59665,Bukayo Saka - 11,Aaron Ramsdale,→ Europa League via league finish,epl_2021-2022,27,24.4,52.8,38,418,3420,38.0,60,41,101,55,5,8,67,4,60.5,55.1,40.2,95.4,734,1655,1.58,1.08,2.66,1.45,2.53,1.59,1.06,2.65,1.45,2.51
6,Manchester Utd,38,16,10,12,57,57,0,58,1.53,55.8,53.0,2.8,0.07,73150,Cristiano Ronaldo - 18,David de Gea,→ Europa League via league finish,epl_2021-2022,29,27.2,52.7,38,418,3420,38.0,56,46,102,53,3,5,77,2,55.8,51.9,42.5,94.3,784,1568,1.47,1.21,2.68,1.39,2.61,1.47,1.12,2.59,1.36,2.48
7,West Ham,38,16,8,14,60,51,9,56,1.47,51.4,53.5,-2.1,-0.06,58370,Jarrod Bowen - 12,Łukasz Fabiański,→ Europa Conference League via league finish,epl_2021-2022,25,28.2,47.9,38,418,3420,38.0,58,46,104,54,4,6,52,3,51.4,46.8,37.4,84.2,646,1449,1.53,1.21,2.74,1.42,2.63,1.35,0.99,2.34,1.23,2.22
8,Leicester City,38,14,10,14,62,59,3,52,1.37,47.8,59.3,-11.5,-0.3,32493,Jamie Vardy - 15,Kasper Schmeichel,,epl_2021-2022,28,26.5,52.0,38,418,3420,38.0,62,46,108,60,2,2,55,1,47.8,46.2,34.2,80.4,622,1356,1.63,1.21,2.84,1.58,2.79,1.26,0.9,2.16,1.22,2.12
9,Brighton,38,12,15,11,42,44,-2,51,1.34,46.2,42.9,3.3,0.09,30966,"Leandro Trossard, Neal Maupay - 8",Robert Sánchez,,epl_2021-2022,26,26.2,54.4,38,418,3420,38.0,40,30,70,36,4,7,72,2,46.2,40.7,32.3,72.9,676,1547,1.05,0.79,1.84,0.95,1.74,1.21,0.85,2.06,1.07,1.92
10,Wolves,38,15,6,17,38,43,-5,51,1.34,37.5,56.9,-19.4,-0.51,30841,Raúl Jiménez - 6,José Sá,,epl_2021-2022,26,27.3,49.5,38,418,3420,38.0,35,22,57,34,1,1,62,2,37.5,36.8,26.4,63.2,723,1283,0.92,0.58,1.5,0.89,1.47,0.99,0.69,1.68,0.97,1.66
11,Newcastle Utd,38,13,10,15,44,62,-18,49,1.29,38.1,57.1,-19.0,-0.5,51487,Callum Wilson - 8,Martin Dúbravka,,epl_2021-2022,29,27.5,40.4,38,418,3420,38.0,41,23,64,38,3,3,81,2,38.1,35.9,25.8,61.7,544,923,1.08,0.61,1.68,1.0,1.61,1.0,0.68,1.68,0.94,1.62
12,Crystal Palace,38,11,15,12,50,46,4,48,1.26,46.4,40.7,5.7,0.15,24588,Wilfried Zaha - 14,Vicente Guaita,,epl_2021-2022,24,27.1,51.1,38,418,3420,38.0,50,31,81,44,6,8,69,1,46.4,40.1,31.0,71.1,592,1229,1.32,0.82,2.13,1.16,1.97,1.22,0.82,2.04,1.06,1.87
13,Brentford,38,13,7,18,48,56,-8,46,1.21,45.8,48.5,-2.7,-0.07,16918,Ivan Toney - 12,David Raya,,epl_2021-2022,29,25.4,44.8,38,418,3420,38.0,46,33,79,40,6,6,65,3,45.8,41.1,33.0,74.1,450,1189,1.21,0.87,2.08,1.05,1.92,1.21,0.87,2.07,1.08,1.95
14,Aston Villa,38,13,6,19,52,54,-2,45,1.18,44.0,49.0,-4.9,-0.13,41681,Ollie Watkins - 11,Emiliano Martínez,,epl_2021-2022,31,26.1,46.5,38,418,3420,38.0,50,42,92,47,3,3,81,2,44.0,42.0,34.8,76.8,653,1300,1.32,1.11,2.42,1.24,2.34,1.16,0.92,2.08,1.1,2.02
15,Southampton,38,9,13,16,43,67,-24,40,1.05,44.8,60.0,-15.2,-0.4,30134,James Ward-Prowse - 10,Fraser Forster,,epl_2021-2022,25,25.7,47.7,38,418,3420,38.0,41,26,67,37,4,4,65,2,44.8,41.6,32.5,74.1,728,1326,1.08,0.68,1.76,0.97,1.66,1.18,0.85,2.03,1.1,1.95
16,Everton,38,11,6,21,43,66,-23,39,1.03,41.2,55.4,-14.2,-0.37,38446,Richarlison - 10,Jordan Pickford,,epl_2021-2022,33,26.7,40.0,38,418,3420,38.0,42,29,71,36,6,7,82,6,41.2,35.8,28.5,64.3,512,1100,1.11,0.76,1.87,0.95,1.71,1.09,0.75,1.83,0.94,1.69
17,Leeds United,38,9,11,18,42,79,-37,38,1.0,44.4,67.8,-23.5,-0.62,36308,Raphinha - 11,Illan Meslier,,epl_2021-2022,29,26.1,52.3,38,418,3420,38.0,42,26,68,37,5,5,101,3,44.4,40.4,31.3,71.8,671,1483,1.11,0.68,1.79,0.97,1.66,1.17,0.82,1.99,1.06,1.89
18,Burnley,38,7,14,17,34,53,-19,35,0.92,39.7,57.1,-17.4,-0.46,19278,Maxwel Cornet - 9,Nick Pope,Relegated,epl_2021-2022,23,28.5,40.2,38,418,3420,38.0,32,26,58,31,1,2,68,2,39.7,38.1,31.2,69.3,388,972,0.84,0.68,1.53,0.82,1.5,1.05,0.82,1.87,1.0,1.82
19,Watford,38,6,5,27,34,77,-43,23,0.61,40.0,64.5,-24.5,-0.64,20614,Emmanuel Dennis - 10,Ben Foster,Relegated,epl_2021-2022,30,28.4,40.7,38,418,3420,38.0,33,26,59,32,1,2,63,3,40.0,38.4,32.5,70.9,557,1070,0.87,0.68,1.55,0.84,1.53,1.05,0.86,1.91,1.01,1.87
20,Norwich City,38,5,7,26,23,84,-61,22,0.58,32.3,75.5,-43.2,-1.14,26836,Teemu Pukki - 11,Tim Krul,Relegated,epl_2021-2022,28,26.2,42.9,38,418,3420,38.0,21,16,37,18,3,3,57,1,32.3,30.0,24.3,54.3,566,1031,0.55,0.42,0.97,0.47,0.89,0.85,0.64,1.49,0.79,1.43
1,Manchester City,38,28,5,5,94,33,61,89,2.34,78.6,32.1,46.5,1.22,53249,Erling Haaland - 36,Ederson,→ Champions League via league finish,epl_2022-2023,24,27.2,64.7,38,418,3420,38.0,92,69,161,83,9,10,44,1,78.6,71.1,57.5,128.6,988,2073,2.42,1.82,4.24,2.18,4.0,2.07,1.51,3.58,1.87,3.38
2,Arsenal,38,26,6,6,88,43,45,84,2.21,71.6,42.0,29.6,0.78,60191,"Martin Ødegaard, Gabriel Martinelli - 15",Aaron Ramsdale,→ Champions League via league finish,epl_2022-2023,26,24.7,59.3,38,418,3420,38.0,84,64,148,81,3,4,51,0,71.6,68.9,53.5,122.4,824,2049,2.21,1.68,3.89,2.13,3.82,1.88,1.41,3.29,1.81,3.22
3,Manchester Utd,38,23,6,9,58,43,15,75,1.97,67.7,50.4,17.3,0.45,73671,Marcus Rashford - 17,David de Gea,→ Champions League via league finish,epl_2022-2023,26,26.9,53.7,38,418,3420,38.0,56,42,98,53,3,3,78,2,67.7,65.3,52.2,117.5,711,1595,1.47,1.11,2.58,1.39,2.5,1.78,1.37,3.15,1.72,3.09
4,Newcastle Utd,38,19,14,5,68,33,35,71,1.87,71.9,39.5,32.3,0.85,52127,Callum Wilson - 18,Nick Pope,→ Champions League via league finish,epl_2022-2023,27,27.3,52.3,38,418,3420,38.0,64,42,106,58,6,6,61,1,71.9,67.3,51.8,119.1,695,1618,1.68,1.11,2.79,1.53,2.63,1.89,1.36,3.26,1.77,3.13
5,Liverpool,38,19,10,9,75,47,28,67,1.76,71.5,50.8,20.7,0.55,53163,Mohamed Salah - 19,Alisson,→ Europa League via league finish,epl_2022-2023,28,27.4,60.8,38,418,3420,38.0,71,58,129,69,2,4,57,1,71.5,68.4,55.6,124.1,719,1992,1.87,1.53,3.39,1.82,3.34,1.88,1.46,3.35,1.8,3.26
6,Brighton,38,18,8,12,72,53,19,62,1.63,73.3,50.2,23.1,0.61,31477,Alexis Mac Allister - 10,Robert Sánchez,→ Europa League via league finish,epl_2022-2023,29,26.3,60.2,38,418,3420,38.0,68,46,114,62,6,6,58,0,73.3,68.9,52.2,121.2,809,1849,1.79,1.21,3.0,1.63,2.84,1.93,1.37,3.3,1.81,3.19
7,Aston Villa,38,18,7,13,51,46,5,61,1.61,50.3,52.5,-2.2,-0.06,41679,Ollie Watkins - 15,Emiliano Martínez,→ Conference League via league finish,epl_2022-2023,26,27.0,49.3,38,418,3420,38.0,49,35,84,46,3,4,80,1,50.3,47.2,38.8,86.0,637,1242,1.29,0.92,2.21,1.21,2.13,1.32,1.02,2.34,1.24,2.26
8,Tottenham,38,18,6,14,70,63,7,60,1.58,57.0,49.6,7.4,0.2,61585,Harry Kane - 30,Hugo Lloris,,epl_2022-2023,29,27.6,50.0,38,418,3420,38.0,68,46,114,63,5,6,77,3,57.0,52.3,43.0,95.4,692,1449,1.79,1.21,3.0,1.66,2.87,1.5,1.13,2.63,1.38,2.51
9,Brentford,38,15,14,9,58,46,12,59,1.55,56.3,48.8,7.5,0.2,17078,Ivan Toney - 20,David Raya,,epl_2022-2023,25,26.2,43.8,38,418,3420,38.0,56,36,92,49,7,8,57,1,56.3,50.1,38.4,88.5,392,1131,1.47,0.95,2.42,1.29,2.24,1.48,1.01,2.49,1.32,2.33
10,Fulham,38,15,7,16,55,53,2,52,1.37,46.2,63.6,-17.4,-0.46,23746,Aleksandar Mitrović - 14,Bernd Leno,,epl_2022-2023,29,28.2,48.8,38,418,3420,38.0,52,33,85,47,5,9,80,1,46.2,39.1,28.5,67.7,663,1326,1.37,0.87,2.24,1.24,2.11,1.22,0.75,1.97,1.03,1.78
11,Crystal Palace,38,11,12,15,40,49,-9,45,1.18,39.3,48.1,-8.8,-0.23,24952,Eberechi Eze - 10,Vicente Guaita,,epl_2022-2023,26,26.7,46.3,38,418,3420,38.0,38,29,67,37,1,3,82,3,39.3,36.8,29.0,65.8,556,1243,1.0,0.76,1.76,0.97,1.74,1.03,0.76,1.8,0.97,1.73
12,Chelsea,38,11,11,16,38,47,-9,44,1.16,49.5,52.5,-3.0,-0.08,40002,Kai Havertz - 7,Kepa Arrizabalaga,,epl_2022-2023,32,26.3,58.7,38,418,3420,38.0,37,27,64,34,3,3,81,3,49.5,47.2,38.6,85.8,829,1737,0.97,0.71,1.68,0.89,1.61,1.3,1.02,2.32,1.24,2.26
13,Wolves,38,11,8,19,31,58,-27,41,1.08,36.8,59.9,-23.0,-0.61,31482,"Rúben Neves, Daniel Podence - 6",José Sá,,epl_2022-2023,32,26.7,49.9,38,418,3420,38.0,28,12,40,25,3,3,85,6,36.8,34.5,25.4,60.0,610,1343,0.74,0.32,1.05,0.66,0.97,0.97,0.67,1.64,0.91,1.58
14,West Ham,38,11,7,20,42,55,-13,40,1.05,49.2,53.0,-3.9,-0.1,62462,"Saïd Benrahma, Jarrod Bowen - 6",Łukasz Fabiański,,epl_2022-2023,25,28.2,42.1,38,418,3420,38.0,41,25,66,35,6,8,44,0,49.2,43.7,32.7,76.4,615,1274,1.08,0.66,1.74,0.92,1.58,1.29,0.86,2.15,1.15,2.01
15,Bournemouth,38,11,6,21,37,71,-34,39,1.03,38.5,63.8,-25.3,-0.67,10362,Philip Billing - 7,Neto,,epl_2022-2023,31,26.3,40.4,38,418,3420,38.0,37,24,61,37,0,0,68,0,38.5,38.5,28.4,66.9,504,1006,0.97,0.63,1.61,0.97,1.61,1.01,0.75,1.76,1.01,1.76
16,Nott'ham Forest,38,9,11,18,38,68,-30,38,1.0,39.3,64.2,-24.9,-0.66,29188,Taiwo Awoniyi - 10,Dean Henderson,,epl_2022-2023,33,26.5,37.6,38,418,3420,38.0,36,22,58,33,3,6,84,0,39.3,34.6,26.3,61.0,436,859,0.95,0.58,1.53,0.87,1.45,1.03,0.69,1.73,0.91,1.6
17,Everton,38,8,12,18,34,57,-23,36,0.95,45.2,65.5,-20.4,-0.54,39243,Dwight McNeil - 7,Jordan Pickford,,epl_2022-2023,28,26.6,42.8,38,418,3420,38.0,32,24,56,29,3,3,81,2,45.2,42.8,32.4,75.1,500,1052,0.84,0.63,1.47,0.76,1.39,1.19,0.85,2.04,1.13,1.98
18,Leicester City,38,9,7,22,51,68,-17,34,0.89,50.5,63.3,-12.8,-0.34,31887,Harvey Barnes - 13,Danny Ward,Relegated,epl_2022-2023,28,26.1,47.7,38,418,3420,38.0,49,36,85,46,3,6,63,2,50.5,45.7,38.4,84.1,580,1304,1.29,0.95,2.24,1.21,2.16,1.33,1.01,2.34,1.2,2.21
19,Leeds United,38,7,10,21,48,78,-30,31,0.82,47.3,67.1,-19.8,-0.52,36566,Rodrigo - 13,Illan Meslier,Relegated,epl_2022-2023,29,25.3,47.0,38,418,3420,38.0,45,31,76,44,1,3,89,3,47.3,44.9,31.8,76.7,555,1429,1.18,0.82,2.0,1.16,1.97,1.24,0.84,2.08,1.18,2.02
20,Southampton,38,6,7,25,36,73,-37,25,0.66,37.8,60.8,-23.0,-0.61,30440,James Ward-Prowse - 9,Gavin Bazunu,Relegated,epl_2022-2023,36,24.7,44.5,38,418,3420,38.0,36,25,61,34,2,4,73,0,37.8,34.6,28.1,62.7,588,1125,0.95,0.66,1.61,0.89,1.55,0.99,0.74,1.73,0.91,1.65
1,Manchester City,38,28,7,3,96,34,62,91,2.39,80.5,35.6,44.9,1.18,53012,Erling Haaland - 27,Ederson,→ Champions League via league finish,epl_2023-2024,25,26.6,65.2,38,418,3420,38.0,94,69,163,85,9,10,53,2,80.5,72.9,60.2,133.1,1127,2060,2.47,1.82,4.29,2.24,4.05,2.12,1.58,3.7,1.92,3.5
2,Arsenal,38,28,5,5,91,29,62,89,2.34,76.1,27.9,48.2,1.27,60236,Bukayo Saka - 16,David Raya,→ Champions League via league finish,epl_2023-2024,25,25.0,58.2,38,418,3420,38.0,86,62,148,76,10,10,64,2,76.1,68.5,55.3,123.8,821,2106,2.26,1.63,3.89,2.0,3.63,2.0,1.46,3.46,1.8,3.26
3,Liverpool,38,24,10,4,86,41,45,82,2.16,87.8,45.7,42.0,1.11,55979,Mohamed Salah - 18,Alisson,→ Champions League via league finish,epl_2023-2024,30,26.3,61.3,38,418,3420,38.0,80,60,140,74,6,9,69,5,87.8,80.4,63.7,144.1,924,2110,2.11,1.58,3.68,1.95,3.53,2.31,1.68,3.98,2.12,3.79
4,Aston Villa,38,20,8,10,76,61,15,68,1.79,63.3,59.9,3.4,0.09,41858,Ollie Watkins - 19,Emiliano Martínez,→ Champions League via league finish,epl_2023-2024,31,26.9,53.1,38,418,3420,38.0,72,55,127,68,4,4,94,2,63.3,60.3,48.6,108.9,775,1451,1.89,1.45,3.34,1.79,3.24,1.67,1.28,2.95,1.59,2.87
5,Tottenham,38,20,6,12,74,61,13,66,1.74,68.2,63.4,4.8,0.13,61482,Son Heung-min - 17,Guglielmo Vicario,→ Europa League via league finish,epl_2023-2024,29,25.2,61.6,38,418,3420,38.0,69,58,127,67,2,2,92,4,68.2,66.7,57.4,124.1,957,2107,1.82,1.53,3.34,1.76,3.29,1.79,1.51,3.31,1.75,3.27
6,Chelsea,38,18,9,11,77,63,14,63,1.66,74.5,58.1,16.4,0.43,39524,Cole Palmer - 22,Đorđe Petrović,→ Conference League via league finish,epl_2023-2024,32,24.2,58.6,38,418,3420,38.0,76,51,127,65,11,12,109,4,74.5,65.1,51.4,116.5,873,1615,2.0,1.34,3.34,1.71,3.05,1.96,1.35,3.31,1.71,3.06
7,Newcastle Utd,38,18,6,14,85,62,23,60,1.58,76.0,61.4,14.6,0.38,52125,Alexander Isak - 21,Martin Dúbravka,,epl_2023-2024,32,27.2,52.2,38,418,3420,38.0,83,55,138,75,8,9,79,1,76.0,69.0,51.3,120.3,737,1557,2.18,1.45,3.63,1.97,3.42,2.0,1.35,3.35,1.82,3.17
8,Manchester Utd,38,18,6,14,57,58,-1,60,1.58,56.5,68.9,-12.5,-0.33,73533,"Rasmus Højlund, Bruno Fernandes - 10",André Onana,→ Europa League via cup win,epl_2023-2024,31,26.1,50.6,38,418,3420,38.0,57,36,93,51,6,7,83,1,56.5,51.0,40.1,91.0,758,1479,1.5,0.95,2.45,1.34,2.29,1.49,1.06,2.54,1.34,2.4
9,West Ham,38,14,10,14,60,74,-14,52,1.37,52.3,71.1,-18.8,-0.49,62567,Jarrod Bowen - 16,Alphonse Areola,,epl_2023-2024,26,28.3,41.1,38,418,3420,38.0,58,40,98,54,4,5,82,3,52.3,48.4,34.8,83.2,556,1207,1.53,1.05,2.58,1.42,2.47,1.38,0.92,2.29,1.27,2.19
10,Crystal Palace,38,13,10,15,57,58,-1,49,1.29,48.6,52.0,-3.4,-0.09,24932,Jean-Philippe Mateta - 16,Sam Johnstone,,epl_2023-2024,26,26.8,42.3,38,418,3420,38.0,56,43,99,52,4,4,73,2,48.6,45.4,38.7,84.1,506,1176,1.47,1.13,2.61,1.37,2.5,1.28,1.02,2.3,1.2,2.21
11,Brighton,38,12,12,14,55,62,-7,48,1.26,56.8,55.4,1.4,0.04,32638,João Pedro - 9,Bart Verbruggen,,epl_2023-2024,30,25.9,59.8,38,418,3420,38.0,50,36,86,45,5,6,90,3,56.8,52.2,41.6,93.8,864,1780,1.32,0.95,2.26,1.18,2.13,1.49,1.09,2.59,1.37,2.47
12,Bournemouth,38,13,9,16,54,67,-13,48,1.26,55.9,58.1,-2.2,-0.06,11103,Dominic Solanke - 19,Neto,,epl_2023-2024,30,25.7,44.4,38,418,3420,38.0,52,39,91,50,2,3,79,3,55.9,53.6,40.5,94.0,709,1314,1.37,1.03,2.39,1.32,2.34,1.47,1.06,2.54,1.41,2.47
13,Fulham,38,13,8,17,55,61,-6,47,1.24,50.8,62.9,-12.1,-0.32,24302,Rodrigo Muniz - 9,Bernd Leno,,epl_2023-2024,25,28.4,50.6,38,418,3420,38.0,54,40,94,52,2,2,84,4,50.8,49.2,37.6,86.8,670,1467,1.42,1.05,2.47,1.37,2.42,1.34,0.99,2.33,1.3,2.29
14,Wolves,38,13,7,18,50,65,-15,46,1.21,46.7,67.7,-21.0,-0.55,31029,"Hwang Hee-chan, Matheus Cunha - 12",José Sá,,epl_2023-2024,27,26.6,48.9,38,418,3420,38.0,47,36,83,43,4,4,102,4,46.7,43.6,31.8,75.4,671,1180,1.24,0.95,2.18,1.13,2.08,1.23,0.84,2.07,1.15,1.98
15,Everton,38,13,9,16,40,51,-11,40,1.05,54.0,55.2,-1.2,-0.03,39042,"Abdoulaye Doucouré, Dominic Calvert-Lewin - 7",Jordan Pickford,8-point deduction 1,epl_2023-2024,26,27.1,40.8,38,418,3420,38.0,40,17,57,38,2,3,82,1,54.0,51.6,38.1,89.8,495,1129,1.05,0.45,1.5,1.0,1.45,1.42,1.0,2.43,1.36,2.36
16,Brentford,38,10,9,19,56,65,-9,39,1.03,58.2,56.0,2.2,0.06,17082,Yoane Wissa - 12,Mark Flekken,,epl_2023-2024,28,26.6,45.2,38,418,3420,38.0,54,38,92,51,3,3,89,2,58.2,56.0,42.7,98.8,505,1283,1.42,1.0,2.42,1.34,2.34,1.53,1.12,2.66,1.47,2.6
17,Nott'ham Forest,38,9,9,20,49,67,-18,32,0.84,49.9,53.3,-3.4,-0.09,29386,Chris Wood - 14,Matt Turner,4-point deduction 2,epl_2023-2024,33,25.7,40.6,38,418,3420,38.0,49,43,92,48,1,1,82,3,49.9,49.1,37.9,87.0,601,1141,1.29,1.13,2.42,1.26,2.39,1.31,1.0,2.31,1.29,2.29
18,Luton Town,38,6,8,24,52,85,-33,26,0.68,42.4,78.0,-35.5,-0.94,11240,Carlton Morris - 11,Thomas Kaminski,Relegated,epl_2023-2024,28,26.7,42.4,38,418,3420,38.0,49,33,82,44,5,5,71,0,42.4,38.6,29.5,68.2,675,1113,1.29,0.87,2.16,1.16,2.03,1.12,0.78,1.89,1.02,1.79
19,Burnley,38,5,9,24,41,78,-37,24,0.63,40.6,70.4,-29.7,-0.78,21184,Jacob Bruun Larsen - 6,James Trafford,Relegated,epl_2023-2024,31,24.5,47.4,38,418,3420,38.0,40,30,70,37,3,3,77,7,40.6,38.3,29.7,68.0,727,1181,1.05,0.79,1.84,0.97,1.76,1.07,0.78,1.85,1.01,1.79
20,Sheffield Utd,38,3,7,28,35,104,-69,16,0.42,38.3,76.6,-38.3,-1.01,30011,"Oliver McBurnie, Ben Brereton - 6",Wes Foderingham,Relegated,epl_2023-2024,35,25.7,35.8,38,418,3420,38.0,31,18,49,26,5,5,101,5,38.3,34.5,25.8,60.3,346,884,0.82,0.47,1.29,0.68,1.16,1.01,0.68,1.69,0.91,1.59
1,Liverpool,38,25,9,4,86,41,45,84,2.21,82.2,38.6,43.6,1.15,60324,Mohamed Salah - 29,Alisson,→ Champions League via league finish,epl_2024-2025,24,27.2,57.7,38,418,3420,38.0,85,65,150,76,9,9,67,3,82.2,75.2,61.6,136.8,826,1924,2.24,1.71,3.95,2.0,3.71,2.16,1.62,3.78,1.98,3.6
2,Arsenal,38,20,14,4,69,34,35,74,1.95,59.9,34.4,25.5,0.67,60251,Kai Havertz - 9,David Raya,→ Champions League via league finish,epl_2024-2025,25,25.8,56.9,38,418,3420,38.0,67,55,122,65,2,2,70,6,59.9,58.4,45.3,103.6,852,1826,1.76,1.45,3.21,1.71,3.16,1.58,1.19,2.77,1.54,2.73
3,Manchester City,38,21,8,9,72,44,28,71,1.87,68.1,47.7,20.4,0.54,52756,Erling Haaland - 22,Ederson,→ Champions League via league finish,epl_2024-2025,30,26.8,61.3,38,418,3420,38.0,71,51,122,68,3,4,59,2,68.1,64.9,54.2,119.1,1146,1944,1.87,1.34,3.21,1.79,3.13,1.79,1.43,3.22,1.71,3.13
4,Chelsea,38,20,9,9,64,43,21,69,1.82,67.8,47.3,20.5,0.54,39672,Cole Palmer - 15,Robert Sánchez,→ Champions League via league finish,epl_2024-2025,29,23.7,57.1,38,418,3420,38.0,61,47,108,57,4,5,101,2,67.8,63.8,52.7,116.5,861,1595,1.61,1.24,2.84,1.5,2.74,1.78,1.39,3.17,1.68,3.07
5,Newcastle Utd,38,20,6,12,68,47,21,66,1.74,63.8,45.5,18.3,0.48,52187,Alexander Isak - 23,Nick Pope,→ Champions League via league finish,epl_2024-2025,24,27.4,51.3,38,418,3420,38.0,66,50,116,61,5,6,68,1,63.8,59.5,46.0,105.5,759,1595,1.74,1.32,3.05,1.61,2.92,1.68,1.21,2.89,1.57,2.78
6,Aston Villa,38,19,9,10,58,51,7,66,1.74,56.1,50.1,5.9,0.16,42079,Ollie Watkins - 16,Emiliano Martínez,→ Europa League via league finish,epl_2024-2025,28,27.0,50.5,38,418,3420,38.0,56,45,101,53,3,6,76,4,56.1,51.3,41.7,93.0,720,1344,1.47,1.18,2.66,1.39,2.58,1.48,1.1,2.57,1.35,2.45
7,Nott'ham Forest,38,19,8,11,58,46,12,65,1.71,45.5,48.9,-3.4,-0.09,30059,Chris Wood - 20,Matz Sels,→ Conference League via league finish,epl_2024-2025,23,26.1,41.2,38,418,3420,38.0,57,42,99,54,3,3,90,2,45.5,43.2,33.0,76.2,633,1125,1.5,1.11,2.61,1.42,2.53,1.2,0.87,2.07,1.14,2.0
8,Brighton,38,16,13,9,66,59,7,61,1.61,58.7,54.6,4.1,0.11,31798,"Danny Welbeck, Kaoru Mitoma... - 10",Bart Verbruggen,,epl_2024-2025,32,24.8,52.3,38,418,3420,38.0,64,41,105,57,7,7,78,3,58.7,53.3,40.4,93.7,816,1539,1.68,1.08,2.76,1.5,2.58,1.54,1.06,2.61,1.4,2.47
9,Bournemouth,38,15,11,12,58,46,12,56,1.47,64.0,48.5,15.5,0.41,11210,Justin Kluivert - 12,Kepa Arrizabalaga,,epl_2024-2025,29,25.1,48.5,38,418,3420,38.0,57,41,98,51,6,7,97,3,64.0,58.5,43.8,102.3,754,1489,1.5,1.08,2.58,1.34,2.42,1.68,1.15,2.84,1.54,2.69
10,Brentford,38,16,8,14,66,57,9,56,1.47,59.0,55.4,3.6,0.09,18742,Bryan Mbeumo - 20,Mark Flekken,,epl_2024-2025,28,25.8,47.9,38,418,3420,38.0,65,44,109,60,5,6,62,1,59.0,54.4,42.4,96.8,598,1356,1.71,1.16,2.87,1.58,2.74,1.55,1.12,2.67,1.43,2.55
11,Fulham,38,15,9,14,54,54,0,54,1.42,49.0,47.2,1.8,0.05,26826,Raúl Jiménez - 12,Bernd Leno,,epl_2024-2025,26,28.1,52.3,38,418,3420,38.0,53,44,97,50,3,4,80,2,49.0,45.9,37.5,83.4,786,1558,1.39,1.16,2.55,1.32,2.47,1.29,0.99,2.28,1.21,2.2
12,Crystal Palace,38,13,14,11,51,51,0,53,1.39,60.4,49.1,11.3,0.3,25064,Jean-Philippe Mateta - 14,Dean Henderson,→ Europa League via cup win,epl_2024-2025,29,26.2,42.8,38,418,3420,38.0,49,38,87,46,3,4,80,4,60.4,57.3,46.4,103.7,510,1158,1.29,1.0,2.29,1.21,2.21,1.59,1.22,2.81,1.51,2.73
13,Everton,38,11,15,12,42,44,-2,48,1.26,41.8,46.2,-4.5,-0.12,38439,Iliman Ndiaye - 9,Jordan Pickford,,epl_2024-2025,26,28.0,40.9,38,418,3420,38.0,39,27,66,37,2,2,82,2,41.8,40.2,32.2,72.4,486,1041,1.03,0.71,1.74,0.97,1.68,1.1,0.85,1.95,1.06,1.91
14,West Ham,38,11,10,17,46,62,-16,43,1.13,47.0,59.7,-12.7,-0.33,62463,Jarrod Bowen - 13,Alphonse Areola,,epl_2024-2025,27,28.1,48.4,38,418,3420,38.0,43,29,72,40,3,3,82,3,47.0,44.7,33.9,78.6,632,1222,1.13,0.76,1.89,1.05,1.82,1.24,0.89,2.13,1.18,2.07
15,Manchester Utd,38,11,9,18,44,54,-10,42,1.11,52.6,53.8,-1.3,-0.03,73747,"Bruno Fernandes, Amad Diallo - 8",André Onana,,epl_2024-2025,31,25.5,53.5,38,418,3420,38.0,42,29,71,38,4,4,86,3,52.6,49.4,39.7,89.1,697,1448,1.11,0.76,1.87,1.0,1.76,1.38,1.04,2.43,1.3,2.35
16,Wolves,38,12,6,20,54,69,-15,42,1.11,43.7,58.1,-14.5,-0.38,30695,Matheus Cunha - 15,José Sá,,epl_2024-2025,32,26.9,48.1,38,418,3420,38.0,53,42,95,53,0,0,79,2,43.7,43.7,35.4,79.1,607,1185,1.39,1.11,2.5,1.39,2.5,1.15,0.93,2.08,1.15,2.08
17,Tottenham,38,11,5,22,64,65,-1,38,1.0,58.8,63.3,-4.5,-0.12,61127,Brennan Johnson - 11,Guglielmo Vicario,→ Champions League,epl_2024-2025,31,25.0,54.7,38,418,3420,38.0,61,47,108,58,3,4,72,1,58.8,55.7,44.4,100.1,840,1593,1.61,1.24,2.84,1.53,2.76,1.55,1.17,2.72,1.47,2.63
18,Leicester City,38,6,7,25,33,80,-47,25,0.66,32.6,71.9,-39.3,-1.03,31448,Jamie Vardy - 9,Mads Hermansen,Relegated,epl_2024-2025,32,26.6,45.4,38,418,3420,38.0,33,25,58,31,2,3,87,0,32.6,30.4,25.1,55.5,576,1082,0.87,0.66,1.53,0.82,1.47,0.86,0.66,1.52,0.8,1.46
19,Ipswich Town,38,4,10,24,36,82,-46,22,0.58,34.4,72.7,-38.3,-1.01,29742,Liam Delap - 12,Arijanet Muric,Relegated,epl_2024-2025,32,25.8,40.6,38,418,3420,38.0,35,26,61,33,2,2,93,5,34.4,32.8,24.2,57.0,513,935,0.92,0.68,1.61,0.87,1.55,0.9,0.64,1.54,0.86,1.5
20,Southampton,38,2,6,30,26,86,-60,12,0.32,32.7,84.8,-52.1,-1.37,30882,Paul Onuachu - 4,Aaron Ramsdale,Relegated,epl_2024-2025,36,25.2,48.5,38,418,3420,38.0,25,16,41,25,0,2,89,3,32.7,30.9,24.8,55.8,640,1127,0.66,0.42,1.08,0.66,1.08,0.86,0.65,1.51,0.81,1.47
